city,country,condition,condition_group,temp_f,temp_c,feels_like_f,feels_like_gap_f,forecast_high_f,forecast_low_f,forecast_range_f,humidity_pct,dew_point_f,pressure_inhg,visibility_mi,wind_mph,wind_from,local_hour,is_daytime,station,city_url,scraped_at
Accra,Ghana,Mostly cloudy.,Cloudy,77,25.0,78,1,82,76,6,89.0,73,29.89,,12.0,Southwest,3,False,Accra Airport,https://www.timeanddate.com/weather/ghana/accra,2026-08-25T23:23:18
Addis Ababa,Ethiopia,Passing clouds.,Cloudy,59,15.0,59,0,73,52,21,94.0,57,30.33,,5.0,West,6,True,Addis Ababa Airport,https://www.timeanddate.com/weather/ethiopia/addis-ababa,2026-08-25T23:23:24
Adelaide,Australia,Cool.,Other,58,14.4,58,0,65,45,20,72.0,49,30.23,,2.0,Southwest,12,True,Westbourne Park - MADIS Station,https://www.timeanddate.com/weather/australia/adelaide,2026-08-25T23:23:31
Algiers,Algeria,Passing clouds.,Cloudy,82,27.8,91,9,89,74,15,89.0,78,29.89,6.0,0.0,,4,False,Alger-Port,https://www.timeanddate.com/weather/algeria/algiers,2026-08-25T23:23:36
Almaty,Kazakstan,Clear.,Clear,66,18.9,66,0,85,56,29,60.0,52,30.09,,1.0,North,8,True,Almaty Airport,https://www.timeanddate.com/weather/kazakstan/almaty,2026-08-25T23:23:42
Amman,Jordan,Clear.,Clear,79,26.1,79,0,95,71,24,34.0,48,29.95,4.0,5.0,Southwest,6,True,Amman Airport,https://www.timeanddate.com/weather/jordan/amman,2026-08-25T23:23:48
Amsterdam,Netherlands,Clear.,Clear,55,12.8,54,-1,82,63,19,88.0,52,29.98,10.0,6.0,East,5,False,Amsterdam Schiphol Airport,https://www.timeanddate.com/weather/netherlands/amsterdam,2026-08-25T23:23:54
Anadyr,Russia,Partly sunny.,Clear,45,7.2,37,-8,54,36,18,61.0,32,29.96,31.0,18.0,Northwest,15,True,Anadyr,https://www.timeanddate.com/weather/russia/anadyr,2026-08-25T23:24:00
Anchorage,Usa,Cloudy.,Cloudy,61,16.1,61,0,61,47,14,67.0,50,29.83,10.0,14.0,South,19,False,Lake Hood Seaplane,https://www.timeanddate.com/weather/usa/anchorage,2026-08-25T23:24:06
Ankara,Turkey,Passing clouds.,Cloudy,61,16.1,61,0,91,66,25,59.0,46,30.07,,3.0,East,6,True,Ankara / Esenboga,https://www.timeanddate.com/weather/turkey/ankara,2026-08-25T23:24:12
Antananarivo,Madagascar,Passing clouds.,Cloudy,48,8.9,48,0,79,48,31,100.0,48,30.27,,0.0,,6,True,Antananarivo / Ivato,https://www.timeanddate.com/weather/madagascar/antananarivo,2026-08-25T23:24:18
Asuncion,Paraguay,Clear.,Clear,70,21.1,70,0,91,63,28,73.0,61,29.83,5.0,5.0,Southeast,0,False,Asuncion / Aeropuerto,https://www.timeanddate.com/weather/paraguay/asuncion,2026-08-25T23:24:23
Athens,Greece,Warm.,Other,81,27.2,81,0,96,78,18,50.0,60,29.91,,0.0,,6,True,Athinai Airport,https://www.timeanddate.com/weather/greece/athens,2026-08-25T23:24:29
Atlanta,Usa,Clear.,Clear,75,23.9,77,2,90,69,21,66.0,63,30.02,10.0,0.0,,23,False,Fulton County Airport-Brown Field,https://www.timeanddate.com/weather/usa/atlanta,2026-08-25T23:24:35
Auckland,New Zealand,Partly sunny.,Clear,61,16.1,61,0,64,50,14,72.0,52,30.3,,17.0,West,15,True,Auckland Airport,https://www.timeanddate.com/weather/new-zealand/auckland,2026-08-25T23:24:41
Baghdad,Iraq,Clear.,Clear,94,34.4,92,-2,117,92,25,24.0,52,29.62,6.0,11.0,Northwest,6,True,Baghdad,https://www.timeanddate.com/weather/iraq/baghdad,2026-08-25T23:24:47
Bangkok,Thailand,Scattered clouds.,Cloudy,88,31.1,96,8,91,81,10,62.0,73,29.8,,13.0,West,10,True,Don Muang Airport,https://www.timeanddate.com/weather/thailand/bangkok,2026-08-25T23:24:53
Barcelona,Spain,Passing clouds.,Cloudy,75,23.9,77,2,88,72,16,74.0,66,29.95,,8.0,Northwest,5,False,Barcelona Airport,https://www.timeanddate.com/weather/spain/barcelona,2026-08-25T23:24:59
Beijing,China,Sunny.,Clear,79,26.1,81,2,82,70,12,74.0,70,29.83,10.0,1.0,North,11,True,Beijing Airport,https://www.timeanddate.com/weather/china/beijing,2026-08-25T23:25:06
Belgrade,Serbia,Passing clouds.,Cloudy,70,21.1,70,0,91,63,28,83.0,64,29.95,,3.0,South,5,False,Belgrade Surcin Airport,https://www.timeanddate.com/weather/serbia/belgrade,2026-08-25T23:25:12
Bengaluru,India,Broken clouds.,Cloudy,73,22.8,72,-1,86,68,18,89.0,70,30.04,4.0,10.0,West,8,True,Bangalore / Hindustan,https://www.timeanddate.com/weather/india/bengaluru,2026-08-25T23:25:18
Berlin,Germany,Clear.,Clear,57,13.9,55,-2,80,60,20,77.0,50,30.12,10.0,8.0,East,5,False,Berlin-Schoenefeld,https://www.timeanddate.com/weather/germany/berlin,2026-08-25T23:25:24
Bogota,Colombia,Passing clouds.,Cloudy,54,12.2,54,0,67,49,18,77.0,46,30.39,,2.0,North,22,False,Bogota / Eldorado,https://www.timeanddate.com/weather/colombia/bogota,2026-08-25T23:25:30
Boston,Usa,Clear.,Clear,72,22.2,76,4,79,64,15,61.0,58,29.96,10.0,12.0,West,23,False,Logan International Airport,https://www.timeanddate.com/weather/usa/boston,2026-08-25T23:25:36
Brasilia,Brazil,Clear.,Clear,77,25.0,79,2,86,68,18,47.0,55,30.12,10.0,5.0,South,0,False,Brasilia Aeroporto,https://www.timeanddate.com/weather/brazil/brasilia,2026-08-25T23:25:42
Brisbane,Australia,Cool.,Other,71,21.7,73,2,75,52,23,76.0,63,29.91,,6.0,Northwest,13,True,MADIS Weather Station E5738 (APRSWXNET),https://www.timeanddate.com/weather/australia/brisbane,2026-08-25T23:25:48
Brussels,Belgium,Clear.,Clear,59,15.0,58,-1,82,64,18,82.0,54,29.95,10.0,6.0,Southeast,5,False,Brussels National Airport,https://www.timeanddate.com/weather/belgium/brussels,2026-08-25T23:25:54
Bucharest,Romania,Sprinkles. Passing clouds.,Cloudy,64,17.8,64,0,84,65,19,94.0,63,29.98,5.0,5.0,Northeast,6,True,Bucharest / Imh,https://www.timeanddate.com/weather/romania/bucharest,2026-08-25T23:26:00
Budapest,Hungary,Clear.,Clear,68,20.0,68,0,86,62,24,49.0,48,29.98,10.0,2.0,North,5,False,Ferenc Liszt International Airport,https://www.timeanddate.com/weather/hungary/budapest,2026-08-25T23:26:07
Buenos Aires,Argentina,Clear.,Clear,55,12.8,52,-3,64,50,14,67.0,45,30.01,10.0,13.0,Northeast,0,False,Buenos Aires Airport,https://www.timeanddate.com/weather/argentina/buenos-aires,2026-08-25T23:26:13
Cairo,Egypt,Haze.,Haze,79,26.1,82,3,102,75,27,84.0,73,29.86,2.0,6.0,North,6,True,Cairo Airport,https://www.timeanddate.com/weather/egypt/cairo,2026-08-25T23:26:19
Calgary,Canada,Passing clouds.,Cloudy,70,21.1,70,0,85,50,35,46.0,48,30.16,15.0,9.0,Southeast,21,False,Calgary International,https://www.timeanddate.com/weather/canada/calgary,2026-08-25T23:26:25
Canberra,Australia,Overcast.,Overcast,61,16.1,61,0,62,40,22,59.0,46,30.15,,8.0,West,13,True,Canberra Airport,https://www.timeanddate.com/weather/australia/canberra,2026-08-25T23:26:31
Cape Town,South Africa,Clear.,Clear,50,10.0,49,-1,63,53,10,82.0,45,30.04,10.0,3.0,North,5,False,Cape Town International Airport,https://www.timeanddate.com/weather/south-africa/cape-town,2026-08-25T23:26:37
Caracas,Venezuela,Passing clouds.,Cloudy,82,27.8,91,9,86,69,17,84.0,77,29.95,,2.0,East,23,False,Caracas / Maiquetia Aerop. Intl. Simon Bolivar,https://www.timeanddate.com/weather/venezuela/caracas,2026-08-25T23:26:44
Casablanca,Morocco,Mild.,Other,72,22.2,71,-1,79,67,12,83.0,66,29.95,,3.0,Northeast,4,False,Casablanca Airport,https://www.timeanddate.com/weather/morocco/casablanca,2026-08-25T23:26:50
Chicago,Usa,Clear.,Clear,73,22.8,76,3,83,68,15,59.0,58,29.99,10.0,6.0,South,22,False,Chicago Midway Airport,https://www.timeanddate.com/weather/usa/chicago,2026-08-25T23:26:57
Copenhagen,Denmark,Fog.,Fog,59,15.0,57,-2,72,56,16,100.0,59,30.24,0.0,10.0,East,5,False,Koebenhavn-Kastrup Airport,https://www.timeanddate.com/weather/denmark/copenhagen,2026-08-25T23:27:03
Dallas,Usa,Partly cloudy.,Cloudy,94,34.4,93,-1,102,83,19,29.0,57,29.89,10.0,10.0,South,22,False,Dallas Love Field,https://www.timeanddate.com/weather/usa/dallas,2026-08-25T23:27:11
Dar es Salaam,Tanzania,Passing clouds.,Cloudy,72,22.2,67,-5,86,72,14,94.0,70,30.04,,5.0,Southwest,6,True,Dar Es Salaam Airport,https://www.timeanddate.com/weather/tanzania/dar-es-salaam,2026-08-25T23:27:17
Darwin,Australia,Sunny.,Clear,91,32.8,91,0,91,74,17,36.0,61,30.04,,13.0,East,12,True,Darwin Airport,https://www.timeanddate.com/weather/australia/darwin,2026-08-25T23:27:23
Denver,Usa,Passing clouds.,Cloudy,76,24.4,78,2,86,61,25,38.0,48,30.06,10.0,6.0,Southwest,21,False,Buckley Air Force Base,https://www.timeanddate.com/weather/usa/denver,2026-08-25T23:27:30
Detroit,Usa,Clear.,Clear,68,20.0,68,0,81,62,19,73.0,59,30.06,10.0,0.0,,23,False,Detroit City Airport,https://www.timeanddate.com/weather/usa/detroit,2026-08-25T23:27:36
Dhaka,Bangladesh,Low clouds.,Cloudy,83,28.3,97,14,92,81,11,91.0,81,29.65,2.0,0.0,,9,True,Dhaka,https://www.timeanddate.com/weather/bangladesh/dhaka,2026-08-25T23:27:42
Doha,Qatar,Clear.,Clear,91,32.8,123,32,107,90,17,84.0,86,29.59,4.0,6.0,South,6,True,Doha International Airport,https://www.timeanddate.com/weather/qatar/doha,2026-08-25T23:27:48
Dubai,United Arab Emirates,Sunny.,Clear,95,35.0,107,12,102,91,11,53.0,75,29.62,10.0,8.0,Southeast,7,True,Dubai International Airport,https://www.timeanddate.com/weather/united-arab-emirates/dubai,2026-08-25T23:27:54
Dublin,Ireland,Passing clouds.,Cloudy,61,16.1,61,0,67,59,8,88.0,57,29.83,,13.0,East,4,False,Dublin Airport,https://www.timeanddate.com/weather/ireland/dublin,2026-08-25T23:28:00
Edmonton,Canada,Passing clouds.,Cloudy,61,16.1,61,0,82,56,26,77.0,54,30.13,20.0,9.0,Southeast,21,False,Edmonton International,https://www.timeanddate.com/weather/canada/edmonton,2026-08-25T23:23:21
Frankfurt,Germany,Overcast.,Overcast,63,17.2,63,0,86,63,23,88.0,59,30.01,,6.0,Northeast,5,False,Frankfurt-M-Flughafen Airport,https://www.timeanddate.com/weather/germany/frankfurt,2026-08-25T23:23:27
Guatemala City,Guatemala,Partly cloudy.,Cloudy,68,20.0,68,0,79,59,20,78.0,61,30.21,,18.0,North,21,False,Guatemala Aeropuertola Aurora,https://www.timeanddate.com/weather/guatemala/guatemala,2026-08-25T23:23:33
Halifax,Canada,Passing clouds.,Cloudy,63,17.2,63,0,75,61,14,100.0,63,29.93,15.0,8.0,South,0,False,Halifax International Airport,https://www.timeanddate.com/weather/canada/halifax,2026-08-25T23:23:38
Hanoi,Vietnam,Broken clouds.,Cloudy,84,28.9,98,14,90,80,10,89.0,81,29.62,5.0,7.0,West,10,True,Ha Noi Airport,https://www.timeanddate.com/weather/vietnam/hanoi,2026-08-25T23:23:44
Harare,Zimbabwe,Clear.,Clear,50,10.0,46,-4,78,49,29,72.0,42,,9.0,13.0,East,5,False,Harare Kutsaga,https://www.timeanddate.com/weather/zimbabwe/harare,2026-08-25T23:23:50
Havana,Cuba,Passing clouds.,Cloudy,77,25.0,78,1,91,76,15,89.0,73,30.04,5.0,5.0,East,23,False,Aeropuerto Jose Marti - Rancho-Boyeros - Habana,https://www.timeanddate.com/weather/cuba/havana,2026-08-25T23:23:56
Helsinki,Finland,Clear.,Clear,50,10.0,48,-2,65,57,8,100.0,50,30.21,10.0,5.0,Northwest,6,True,Helsinki-Vantaa,https://www.timeanddate.com/weather/finland/helsinki,2026-08-25T23:24:02
Hong Kong,Hong Kong,Rain showers. Scattered clouds.,Rain,82,27.8,91,9,89,82,7,84.0,77,29.65,,13.0,East,11,True,Hong Kong International Airport,https://www.timeanddate.com/weather/hong-kong/hong-kong,2026-08-25T23:24:08
Honolulu,Usa,Passing clouds.,Cloudy,86,30.0,90,4,85,75,10,57.0,69,29.94,10.0,18.0,East,17,True,Honolulu International Airport,https://www.timeanddate.com/weather/usa/honolulu,2026-08-25T23:24:14
Houston,Usa,Passing clouds.,Cloudy,86,30.0,93,7,100,80,20,65.0,73,29.99,10.0,12.0,South,22,False,Houston Hobby Airport,https://www.timeanddate.com/weather/usa/houston,2026-08-25T23:24:19
Indianapolis,Usa,Scattered clouds.,Cloudy,75,23.9,78,3,84,59,25,54.0,57,30.05,10.0,16.0,South,23,False,Indianapolis Indianapolis International Airport,https://www.timeanddate.com/weather/usa/indianapolis,2026-08-25T23:24:25
Islamabad,Pakistan,Clear.,Clear,79,26.1,82,3,96,75,21,85.0,74,29.63,,9.0,Northeast,8,True,Islamabad Airport,https://www.timeanddate.com/weather/pakistan/islamabad,2026-08-25T23:24:32
Istanbul,Turkey,Clear.,Clear,72,22.2,71,-1,86,71,15,83.0,66,29.92,10.0,2.0,North,6,True,Istanbul Ataturk Airport,https://www.timeanddate.com/weather/turkey/istanbul,2026-08-25T23:24:38
Jakarta,Indonesia,Partly sunny.,Clear,86,30.0,92,6,92,75,17,61.0,71,29.98,6.0,11.0,East,10,True,Jakarta / Soekarno-Hatta,https://www.timeanddate.com/weather/indonesia/jakarta,2026-08-25T23:24:43
Jerusalem,Israel,Mild.,Other,75,23.9,77,2,91,70,21,30.0,41,27.12,,1.0,Northwest,6,True,Khallat Ḩamāmah - MADIS Station,https://www.timeanddate.com/weather/israel/jerusalem,2026-08-25T23:24:49
Johannesburg,South Africa,Clear.,Clear,58,14.4,57,-1,68,48,20,25.0,22,,25.0,7.0,West,5,False,O.R. Tambo International Airport,https://www.timeanddate.com/weather/south-africa/johannesburg,2026-08-25T23:24:55
Karachi,Pakistan,Partly sunny.,Clear,82,27.8,86,4,85,79,6,66.0,70,29.71,3.0,15.0,West,8,True,Karachi Airport,https://www.timeanddate.com/weather/pakistan/karachi,2026-08-25T23:25:01
Kathmandu,Nepal,Partly sunny.,Clear,77,25.0,79,2,78,69,9,79.0,70,29.95,4.0,2.0,North,9,True,Kathmandu Airport,https://www.timeanddate.com/weather/nepal/kathmandu,2026-08-25T23:25:08
Kingston,Jamaica,Warm.,Other,86,30.0,91,5,94,80,14,59.0,70,29.97,,11.0,East,22,False,Kingston / Norman Manley,https://www.timeanddate.com/weather/jamaica/kingston,2026-08-25T23:25:14
Kinshasa,Congo Demrep,Clear.,Clear,73,22.8,74,1,90,72,18,78.0,66,29.98,6.0,5.0,Southwest,4,False,Brazzaville / Maya-Maya,https://www.timeanddate.com/weather/congo-demrep/kinshasa,2026-08-25T23:25:20
Kiritimati,Kiribati,Overcast.,Overcast,84,28.9,95,11,87,81,6,81.0,78,29.82,31.0,11.0,North,17,True,Christmas / Cassidy,https://www.timeanddate.com/weather/kiribati/kiritimati,2026-08-25T23:25:26
Kolkata,India,Scattered clouds.,Cloudy,88,31.1,105,17,90,81,9,79.0,81,29.62,2.0,9.0,South,8,True,Calcutta / Dum Dum,https://www.timeanddate.com/weather/india/kolkata,2026-08-25T23:25:32
Kuala Lumpur,Malaysia,Passing clouds.,Cloudy,84,28.9,92,8,92,77,15,74.0,75,29.95,4.0,6.0,Southeast,11,True,Sultan Abdul Aziz Shah-Subang,https://www.timeanddate.com/weather/malaysia/kuala-lumpur,2026-08-25T23:25:38
Kuwait City,Kuwait,Clear.,Clear,91,32.8,106,15,104,89,15,67.0,78,29.57,4.0,0.0,,6,True,Kuwait Internationalairport,https://www.timeanddate.com/weather/kuwait/kuwait-city,2026-08-25T23:25:44
Kyiv,Ukraine,Overcast.,Overcast,62,16.7,62,0,72,58,14,61.0,48,30.12,13.0,0.0,,6,True,Kyiv,https://www.timeanddate.com/weather/ukraine/kyiv,2026-08-25T23:25:50
La Paz,Bolivia,Clear.,Clear,40,4.4,31,-9,62,29,33,63.0,28,,9.0,16.0,East,23,False,La Paz / Alto,https://www.timeanddate.com/weather/bolivia/la-paz,2026-08-25T23:25:56
Lagos,Nigeria,Passing clouds.,Cloudy,77,25.0,78,1,87,74,13,94.0,75,29.92,,3.0,South,4,False,Lagos / Ikeja,https://www.timeanddate.com/weather/nigeria/lagos,2026-08-25T23:26:03
Lahore,Pakistan,Scattered clouds.,Cloudy,88,31.1,102,14,101,81,20,75.0,79,29.65,2.0,5.0,Southwest,8,True,Lahore Airport,https://www.timeanddate.com/weather/pakistan/lahore,2026-08-25T23:26:09
Las Vegas,Usa,Passing clouds.,Cloudy,106,41.1,101,-5,109,89,20,10.0,40,29.81,10.0,0.0,,20,False,Las Vegas McCarran International Airport,https://www.timeanddate.com/weather/usa/las-vegas,2026-08-25T23:26:15
Lima,Peru,Overcast.,Overcast,71,21.7,72,1,74,64,10,79.0,64,29.85,6.0,29.0,South,22,False,Lima-Callao / Aerop. Internacional Jorgechavez,https://www.timeanddate.com/weather/peru/lima,2026-08-25T23:26:21
Lisbon,Portugal,Passing clouds.,Cloudy,68,20.0,68,0,74,62,12,88.0,64,29.89,,9.0,Southwest,4,False,Lisbon Portela Airport,https://www.timeanddate.com/weather/portugal/lisbon,2026-08-25T23:26:27
London,Uk,Light rain. Passing clouds.,Rain,66,18.9,66,0,68,59,9,78.0,59,29.89,,5.0,East,4,False,Northolt,https://www.timeanddate.com/weather/uk/london,2026-08-25T23:26:33
Los Angeles,Usa,Clear.,Clear,76,24.4,77,1,95,70,25,74.0,67,29.87,10.0,6.0,Southwest,20,False,Hawthorne Municipal Airport,https://www.timeanddate.com/weather/usa/los-angeles,2026-08-25T23:26:39
Madrid,Spain,Clear.,Clear,64,17.8,64,0,76,64,12,60.0,50,29.95,10.0,1.0,North,5,False,Madrid / Cuatro Vientos,https://www.timeanddate.com/weather/spain/madrid,2026-08-25T23:26:46
Managua,Nicaragua,Passing clouds.,Cloudy,84,28.9,90,6,94,78,16,66.0,72,29.83,,5.0,East,21,False,Managua A. C. Sandino,https://www.timeanddate.com/weather/nicaragua/managua,2026-08-25T23:26:53
Manila,Philippines,Scattered clouds.,Cloudy,84,28.9,95,11,86,80,6,79.0,77,29.83,5.0,2.0,South,11,True,Science Garden,https://www.timeanddate.com/weather/philippines/manila,2026-08-25T23:26:59
Melbourne,Australia,Partly sunny.,Clear,59,15.0,57,-2,61,41,20,55.0,43,30.27,,12.0,Southwest,13,True,Melbourne Airport,https://www.timeanddate.com/weather/australia/melbourne,2026-08-25T23:27:05
Mexico City,Mexico,Overcast.,Overcast,64,17.8,64,0,75,55,20,56.0,48,29.96,10.0,8.0,North,21,False,Mexico City / Licenci,https://www.timeanddate.com/weather/mexico/mexico-city,2026-08-25T23:27:13
Miami,Usa,Passing clouds.,Cloudy,85,29.4,94,9,89,82,7,75.0,76,30.06,10.0,7.0,Southeast,23,False,Miami International Airport,https://www.timeanddate.com/weather/usa/miami,2026-08-25T23:27:19
Minneapolis,Usa,Passing clouds.,Cloudy,81,27.2,84,3,82,65,17,65.0,68,29.87,9.0,22.0,Southwest,22,False,St. Paul International Airport,https://www.timeanddate.com/weather/usa/minneapolis,2026-08-25T23:27:25
Minsk,Belarus,Fog.,Fog,52,11.1,50,-2,68,47,21,94.0,50,30.15,,6.0,North,6,True,Minsk,https://www.timeanddate.com/weather/belarus/minsk,2026-08-25T23:27:32
Montevideo,Uruguay,Clear.,Clear,48,8.9,46,-2,64,43,21,76.0,41,30.09,10.0,6.0,Northeast,0,False,Carrasco,https://www.timeanddate.com/weather/uruguay/montevideo,2026-08-25T23:27:38
Montréal,Canada,Passing clouds.,Cloudy,66,18.9,66,0,76,60,16,83.0,61,29.98,15.0,8.0,West,23,False,Montreal - Pierre Elliot Trudeau International Aiport,https://www.timeanddate.com/weather/canada/montreal,2026-08-25T23:27:44
Moscow,Russia,Overcast.,Overcast,56,13.3,56,0,66,52,14,94.0,54,29.99,6.0,2.0,Northwest,6,True,Moskva,https://www.timeanddate.com/weather/russia/moscow,2026-08-25T23:27:50
Mumbai,India,Fog.,Fog,84,28.9,94,10,85,81,4,79.0,77,29.83,2.0,12.0,West,8,True,Mumbai / Santacruz,https://www.timeanddate.com/weather/india/mumbai,2026-08-25T23:27:56
Nairobi,Kenya,Clear.,Clear,55,12.8,55,0,78,54,24,82.0,50,30.3,10.0,0.0,,6,True,Nairobi / Wilson,https://www.timeanddate.com/weather/kenya/nairobi,2026-08-25T23:28:02
Nassau,Bahamas,Thunderstorms. Partly cloudy.,Thunderstorm,82,27.8,89,7,91,80,11,79.0,75,30.1,,5.0,Northeast,23,False,Nassau Airport,https://www.timeanddate.com/weather/bahamas/nassau,2026-08-25T23:23:22
New Delhi,India,Fog.,Fog,81,27.2,90,9,99,80,19,98.0,80,29.61,1.0,0.0,,8,True,New Delhi / Safdarjung,https://www.timeanddate.com/weather/india/new-delhi,2026-08-25T23:23:29
New Orleans,Usa,Clear.,Clear,80,26.7,85,5,93,77,16,85.0,75,29.98,10.0,6.0,Southwest,22,False,Lakefront Airport,https://www.timeanddate.com/weather/usa/new-orleans,2026-08-25T23:23:35
New York,Usa,Passing clouds.,Cloudy,72,22.2,76,4,82,65,17,64.0,59,30.04,10.0,3.0,Northwest,23,False,New York City - Central Park,https://www.timeanddate.com/weather/usa/new-york,2026-08-25T23:23:40
Oslo,Norway,Clear.,Clear,50,10.0,49,-1,73,56,17,88.0,46,30.3,10.0,3.0,North,5,False,Oslo Gardermoen Airport,https://www.timeanddate.com/weather/norway/oslo,2026-08-25T23:23:46
Ottawa,Canada,Clear.,Clear,61,16.1,61,0,78,56,22,94.0,59,30.02,15.0,5.0,Southwest,23,False,Ottawa Int'L. Ont.,https://www.timeanddate.com/weather/canada/ottawa,2026-08-25T23:23:52
Paris,France,Clear.,Clear,66,18.9,66,0,81,65,16,88.0,63,29.92,10.0,2.0,South,5,False,Villacoublay,https://www.timeanddate.com/weather/france/paris,2026-08-25T23:23:58
Perth,Australia,Broken clouds.,Cloudy,70,21.1,70,0,60,52,8,64.0,57,29.98,,9.0,North,11,True,Belmont Perth Airport,https://www.timeanddate.com/weather/australia/perth,2026-08-25T23:24:04
Philadelphia,Usa,Passing clouds.,Cloudy,72,22.2,74,2,85,62,23,73.0,63,30.06,10.0,6.0,Southwest,23,False,Philadelphia International Airport,https://www.timeanddate.com/weather/usa/philadelphia,2026-08-25T23:24:10
Phoenix,Usa,Passing clouds.,Cloudy,108,42.2,104,-4,115,89,26,13.0,47,29.68,10.0,9.0,West,20,False,Phoenix Sky Harbor International Airport,https://www.timeanddate.com/weather/usa/phoenix,2026-08-25T23:24:16
Prague,Czech Republic,Passing clouds.,Cloudy,57,13.9,56,-1,81,57,24,88.0,54,30.07,,7.0,Northeast,5,False,Václav Havel Airport Prague,https://www.timeanddate.com/weather/czech-republic/prague,2026-08-25T23:24:21
Reykjavik,Iceland,Passing clouds.,Cloudy,46,7.8,45,-1,54,41,13,82.0,41,30.07,,3.0,Southeast,3,False,Reykjavik Airport,https://www.timeanddate.com/weather/iceland/reykjavik,2026-08-25T23:24:27
Rio de Janeiro,Brazil,Overcast.,Overcast,70,21.1,70,0,74,69,5,83.0,64,30.04,,3.0,East,0,False,Rio De Janeiro Airport,https://www.timeanddate.com/weather/brazil/rio-de-janeiro,2026-08-25T23:24:34
Riyadh,Saudi Arabia,Clear.,Clear,82,27.8,80,-2,112,80,32,15.0,30,29.77,10.0,3.0,Northeast,6,True,King Khaled International Airport,https://www.timeanddate.com/weather/saudi-arabia/riyadh,2026-08-25T23:24:39
Rome,Italy,Clear.,Clear,75,23.9,77,2,97,69,28,74.0,66,30.01,10.0,6.0,Southeast,5,False,Rome / Ciampino,https://www.timeanddate.com/weather/italy/rome,2026-08-25T23:24:45
Salt Lake City,Usa,Partly cloudy.,Cloudy,83,28.3,82,-1,95,72,23,34.0,52,29.95,10.0,7.0,North,21,False,Salt Lake City International Airport,https://www.timeanddate.com/weather/usa/salt-lake-city,2026-08-25T23:24:51
San Francisco,Usa,Passing clouds.,Cloudy,62,16.7,62,0,72,58,14,80.0,56,30.01,10.0,23.0,Northwest,20,False,San Francisco International Airport,https://www.timeanddate.com/weather/usa/san-francisco,2026-08-25T23:24:57
San Juan,Puerto Rico,Rain. Passing clouds.,Rain,83,28.3,92,9,91,80,11,82.0,77,30.05,8.0,10.0,East,23,False,Luis Munoz Marin,https://www.timeanddate.com/weather/puerto-rico/san-juan,2026-08-25T23:25:04
San Salvador,El Salvador,Partly sunny.,Clear,77,25.0,78,1,89,68,21,83.0,72,29.92,,2.0,Northeast,21,False,San Salvador / Ilopango,https://www.timeanddate.com/weather/el-salvador/san-salvador,2026-08-25T23:25:10
Santiago,Chile,Passing clouds.,Cloudy,54,12.2,53,-1,58,51,7,88.0,50,29.95,,5.0,Northwest,23,False,Pudahuel,https://www.timeanddate.com/weather/chile/santiago,2026-08-25T23:25:16
Santo Domingo,Dominican Republic,Scattered clouds.,Cloudy,90,32.2,104,14,90,75,15,66.0,78,29.95,9.0,4.0,Southeast,23,False,Santo Domingo,https://www.timeanddate.com/weather/dominican-republic/santo-domingo,2026-08-25T23:25:22
Seattle,Usa,Sunny.,Clear,73,22.8,77,4,76,57,19,55.0,56,29.99,10.0,9.0,South,20,False,Seattle Boeing Field,https://www.timeanddate.com/weather/usa/seattle,2026-08-25T23:25:34
Seoul,South Korea,Partly sunny.,Clear,86,30.0,99,13,90,76,14,79.0,79,29.77,,5.0,West,12,True,Seoul / Kimp'O International Airport,https://www.timeanddate.com/weather/south-korea/seoul,2026-08-25T23:25:40
Shanghai,China,Scattered clouds.,Cloudy,90,32.2,103,13,91,82,9,67.0,77,29.74,,3.0,North,11,True,Shanghai Hongqiao Airport,https://www.timeanddate.com/weather/china/shanghai,2026-08-25T23:25:46
Singapore,Singapore,Broken clouds.,Cloudy,88,31.1,102,14,90,77,13,75.0,79,29.95,,6.0,Southeast,11,True,Singapore / Paya Lebar,https://www.timeanddate.com/weather/singapore/singapore,2026-08-25T23:25:52
Sofia,Bulgaria,Passing clouds.,Cloudy,72,22.2,75,3,87,61,26,68.0,61,29.91,9.0,2.0,Southeast,6,True,Sofia Observ.,https://www.timeanddate.com/weather/bulgaria/sofia,2026-08-25T23:25:58
St. John's,Canada,Mostly cloudy.,Cloudy,70,21.1,70,0,75,64,11,94.0,68,29.93,15.0,15.0,Southwest,0,False,St. John's,https://www.timeanddate.com/weather/canada/st-johns,2026-08-25T23:26:05
Stockholm,Sweden,Clear.,Clear,50,10.0,50,0,71,49,22,94.0,48,30.27,,1.0,West,5,False,Stockholm Bromma Airport,https://www.timeanddate.com/weather/sweden/stockholm,2026-08-25T23:26:11
Suva,Fiji,Partly sunny.,Clear,77,25.0,79,2,76,69,7,71.0,67,30.1,31.0,25.0,Southeast,15,True,Nausori,https://www.timeanddate.com/weather/fiji/suva,2026-08-25T23:26:17
Sydney,Australia,Broken clouds.,Cloudy,63,17.2,63,0,64,54,10,77.0,55,30.12,,23.0,South,13,True,Sydney Airport,https://www.timeanddate.com/weather/australia/sydney,2026-08-25T23:26:23
São Paulo,Brazil,Passing clouds.,Cloudy,61,16.1,61,0,71,58,13,100.0,61,30.12,5.0,3.0,South,0,False,Sao Paulo Airport,https://www.timeanddate.com/weather/brazil/sao-paulo,2026-08-25T23:25:28
Taipei,Taiwan,Partly sunny.,Clear,88,31.1,100,12,94,80,14,70.0,77,29.68,,8.0,Northwest,11,True,Sungshan / Taipei,https://www.timeanddate.com/weather/taiwan/taipei,2026-08-25T23:26:29
Tallinn,Estonia,Fog.,Fog,54,12.2,54,0,68,54,14,100.0,54,30.21,,2.0,West,6,True,Tallinn,https://www.timeanddate.com/weather/estonia/tallinn,2026-08-25T23:26:35
Tashkent,Uzbekistan,Clear.,Clear,64,17.8,64,0,96,66,30,53.0,46,29.9,6.0,2.0,North,8,True,Tashkent,https://www.timeanddate.com/weather/uzbekistan/tashkent,2026-08-25T23:26:42
Tegucigalpa,Honduras,Partly cloudy.,Cloudy,75,23.9,77,2,83,67,16,65.0,63,30.09,,6.0,Northeast,21,False,Tegucigalpa Airport,https://www.timeanddate.com/weather/honduras/tegucigalpa,2026-08-25T23:26:48
Tehran,Iran,Sunny.,Clear,84,28.9,81,-3,99,77,22,15.0,32,30.07,10.0,5.0,East,6,True,Tehran-Mehrabad,https://www.timeanddate.com/weather/iran/tehran,2026-08-25T23:26:55
Tokyo,Japan,Partly sunny.,Clear,90,32.2,100,10,85,76,9,63.0,75,29.77,,7.0,South,12,True,Tokyo Heliport,https://www.timeanddate.com/weather/japan/tokyo,2026-08-25T23:27:01
Toronto,Canada,Partly cloudy.,Cloudy,68,20.0,68,0,75,62,13,73.0,59,30.08,15.0,2.0,Northeast,23,False,Toronto Pearson International Airport,https://www.timeanddate.com/weather/canada/toronto,2026-08-25T23:27:09
Vancouver,Canada,Partly sunny.,Clear,72,22.2,74,2,74,60,14,73.0,63,29.92,12.0,13.0,East,20,False,Vancouver International Airport,https://www.timeanddate.com/weather/canada/vancouver,2026-08-25T23:27:15
Vienna,Austria,Clear.,Clear,63,17.2,63,0,86,60,26,83.0,57,30.04,10.0,6.0,North,5,False,Vienna Schwechat-Flughafen Airport,https://www.timeanddate.com/weather/austria/vienna,2026-08-25T23:27:21
Warsaw,Poland,Clear.,Clear,52,11.1,52,0,75,53,22,100.0,52,30.18,10.0,1.0,North,5,False,Warsaw Okecie Airport,https://www.timeanddate.com/weather/poland/warsaw,2026-08-25T23:27:27
Washington DC,Usa,Partly cloudy.,Cloudy,74,23.3,77,3,88,62,26,62.0,60,30.07,10.0,5.0,Southwest,23,False,Reagan National Airport,https://www.timeanddate.com/weather/usa/washington-dc,2026-08-25T23:27:34
Winnipeg,Canada,Mild.,Other,68,20.0,68,0,76,56,20,75.0,60,29.9,,7.0,North,22,False,Winnipeg The Forks Man,https://www.timeanddate.com/weather/canada/winnipeg,2026-08-25T23:27:39
Yangon,Myanmar,Partly sunny.,Clear,81,27.2,88,7,84,78,6,94.0,79,29.77,4.0,5.0,West,9,True,Rangoon Airport,https://www.timeanddate.com/weather/myanmar/yangon,2026-08-25T23:27:46
Zagreb,Croatia,Passing clouds.,Cloudy,66,18.9,66,0,92,61,31,94.0,64,30.01,,2.0,North,5,False,Zagreb / Pleso,https://www.timeanddate.com/weather/croatia/zagreb,2026-08-25T23:27:52
Zürich,Switzerland,Cool.,Other,61,16.1,61,0,85,57,28,100.0,61,30.04,5.0,1.0,North,5,False,Zurich-Kloten,https://www.timeanddate.com/weather/switzerland/zurich,2026-08-25T23:27:58
