city,country,city_url,local_time,condition,temperature,feels_like,forecast,wind,humidity,dew_point,pressure,visibility,station,scraped_at
Accra,Ghana,https://www.timeanddate.com/weather/ghana/accra,Wed 3:23 am,Mostly cloudy.,77 °F,78 °F,82 / 76 °F,12 mph ↑ from Southwest,89%,73 °F,"29.89 ""Hg",N/A,Accra Airport,2026-08-25T23:23:18
Edmonton,Canada,https://www.timeanddate.com/weather/canada/edmonton,Tue 9:23 pm,Passing clouds.,61 °F,61 °F,82 / 56 °F,9 mph ↑ from Southeast,77%,54 °F,"30.13 ""Hg (27.77 ""Hg at 692m altitude)",20 mi,Edmonton International,2026-08-25T23:23:21
Nassau,Bahamas,https://www.timeanddate.com/weather/bahamas/nassau,Tue 11:23 pm,Thunderstorms. Partly cloudy.,82 °F,89 °F,91 / 80 °F,5 mph ↑ from Northeast,79%,75 °F,"30.10 ""Hg",N/A,Nassau Airport,2026-08-25T23:23:22
Addis Ababa,Ethiopia,https://www.timeanddate.com/weather/ethiopia/addis-ababa,Wed 6:23 am,Passing clouds.,59 °F,59 °F,73 / 52 °F,5 mph ↑ from West,94%,57 °F,"30.33 ""Hg (22.94 ""Hg at 2354m altitude)",N/A,Addis Ababa Airport,2026-08-25T23:23:24
Frankfurt,Germany,https://www.timeanddate.com/weather/germany/frankfurt,Wed 5:23 am,Overcast.,63 °F,63 °F,86 / 63 °F,6 mph ↑ from Northeast,88%,59 °F,"30.01 ""Hg",N/A,Frankfurt-M-Flughafen Airport,2026-08-25T23:23:27
New Delhi,India,https://www.timeanddate.com/weather/india/new-delhi,Wed 8:53 am,Fog.,81 °F,90 °F,99 / 80 °F,No wind,98%,80 °F,"29.61 ""Hg",1 mi,New Delhi / Safdarjung,2026-08-25T23:23:29
Adelaide,Australia,https://www.timeanddate.com/weather/australia/adelaide,Wed 12:53 pm,Cool.,58 °F,58 °F,65 / 45 °F,2 mph ↑ from Southwest,72%,49 °F,"30.23 ""Hg",N/A,Westbourne Park - MADIS Station,2026-08-25T23:23:31
Guatemala City,Guatemala,https://www.timeanddate.com/weather/guatemala/guatemala,Tue 9:23 pm,Partly cloudy.,68 °F,68 °F,79 / 59 °F,18 mph ↑ from North,78%,61 °F,"30.21 ""Hg (25.27 ""Hg at 1533m altitude)",N/A,Guatemala Aeropuertola Aurora,2026-08-25T23:23:33
New Orleans,Usa,https://www.timeanddate.com/weather/usa/new-orleans,Tue 10:23 pm,Clear.,80 °F,85 °F,93 / 77 °F,6 mph ↑ from Southwest,85%,75 °F,"29.98 ""Hg",10 mi,Lakefront Airport,2026-08-25T23:23:35
Algiers,Algeria,https://www.timeanddate.com/weather/algeria/algiers,Wed 4:23 am,Passing clouds.,82 °F,91 °F,89 / 74 °F,No wind,89%,78 °F,"29.89 ""Hg",6 mi,Alger-Port,2026-08-25T23:23:36
Halifax,Canada,https://www.timeanddate.com/weather/canada/halifax,Wed 12:23 am,Passing clouds.,63 °F,63 °F,75 / 61 °F,8 mph ↑ from South,100%,63 °F,"29.93 ""Hg",15 mi,Halifax International Airport,2026-08-25T23:23:38
New York,Usa,https://www.timeanddate.com/weather/usa/new-york,Tue 11:23 pm,Passing clouds.,72 °F,76 °F,82 / 65 °F,3 mph ↑ from Northwest,64%,59 °F,"30.04 ""Hg",10 mi,New York City - Central Park,2026-08-25T23:23:40
Almaty,Kazakstan,https://www.timeanddate.com/weather/kazakstan/almaty,Wed 8:23 am,Clear.,66 °F,66 °F,85 / 56 °F,1 mph ↑ from North,60%,52 °F,"30.09 ""Hg (27.43 ""Hg at 790m altitude)",N/A,Almaty Airport,2026-08-25T23:23:42
Hanoi,Vietnam,https://www.timeanddate.com/weather/vietnam/hanoi,Wed 10:23 am,Broken clouds.,84 °F,98 °F,90 / 80 °F,7 mph ↑ from West,89%,81 °F,"29.62 ""Hg",5 mi,Ha Noi Airport,2026-08-25T23:23:44
Oslo,Norway,https://www.timeanddate.com/weather/norway/oslo,Wed 5:23 am,Clear.,50 °F,49 °F,73 / 56 °F,3 mph ↑ from North,88%,46 °F,"30.30 ""Hg",10 mi,Oslo Gardermoen Airport,2026-08-25T23:23:46
Amman,Jordan,https://www.timeanddate.com/weather/jordan/amman,Wed 6:23 am,Clear.,79 °F,79 °F,95 / 71 °F,5 mph ↑ from Southwest,34%,48 °F,"29.95 ""Hg (27.28 ""Hg at 816m altitude)",4 mi,Amman Airport,2026-08-25T23:23:48
Harare,Zimbabwe,https://www.timeanddate.com/weather/zimbabwe/harare,Wed 5:23 am,Clear.,50 °F,46 °F,78 / 49 °F,13 mph ↑ from East,72%,42 °F,N/A,9 mi,Harare Kutsaga,2026-08-25T23:23:50
Ottawa,Canada,https://www.timeanddate.com/weather/canada/ottawa,Tue 11:23 pm,Clear.,61 °F,61 °F,78 / 56 °F,5 mph ↑ from Southwest,94%,59 °F,"30.02 ""Hg",15 mi,Ottawa Int'L. Ont.,2026-08-25T23:23:52
Amsterdam,Netherlands,https://www.timeanddate.com/weather/netherlands/amsterdam,Wed 5:23 am,Clear.,55 °F,54 °F,82 / 63 °F,6 mph ↑ from East,88%,52 °F,"29.98 ""Hg",10 mi,Amsterdam Schiphol Airport,2026-08-25T23:23:54
Havana,Cuba,https://www.timeanddate.com/weather/cuba/havana,Tue 11:23 pm,Passing clouds.,77 °F,78 °F,91 / 76 °F,5 mph ↑ from East,89%,73 °F,"30.04 ""Hg",5 mi,Aeropuerto Jose Marti - Rancho-Boyeros - Habana,2026-08-25T23:23:56
Paris,France,https://www.timeanddate.com/weather/france/paris,Wed 5:23 am,Clear.,66 °F,66 °F,81 / 65 °F,2 mph ↑ from South,88%,63 °F,"29.92 ""Hg",10 mi,Villacoublay,2026-08-25T23:23:58
Anadyr,Russia,https://www.timeanddate.com/weather/russia/anadyr,Wed 3:23 pm,Partly sunny.,45 °F,37 °F,54 / 36 °F,18 mph ↑ from Northwest,61%,32 °F,"29.96 ""Hg",31 mi,Anadyr,2026-08-25T23:24:00
Helsinki,Finland,https://www.timeanddate.com/weather/finland/helsinki,Wed 6:23 am,Clear.,50 °F,48 °F,65 / 57 °F,5 mph ↑ from Northwest,100%,50 °F,"30.21 ""Hg",10 mi,Helsinki-Vantaa,2026-08-25T23:24:02
Perth,Australia,https://www.timeanddate.com/weather/australia/perth,Wed 11:23 am,Broken clouds.,70 °F,70 °F,60 / 52 °F,9 mph ↑ from North,64%,57 °F,"29.98 ""Hg",N/A,Belmont Perth Airport,2026-08-25T23:24:04
Anchorage,Usa,https://www.timeanddate.com/weather/usa/anchorage,Tue 7:23 pm,Cloudy.,61 °F,61 °F,61 / 47 °F,14 mph ↑ from South,67%,50 °F,"29.83 ""Hg",10 mi,Lake Hood Seaplane,2026-08-25T23:24:06
Hong Kong,Hong Kong,https://www.timeanddate.com/weather/hong-kong/hong-kong,Wed 11:23 am,Rain showers. Scattered clouds.,82 °F,91 °F,89 / 82 °F,13 mph ↑ from East,84%,77 °F,"29.65 ""Hg",N/A,Hong Kong International Airport,2026-08-25T23:24:08
Philadelphia,Usa,https://www.timeanddate.com/weather/usa/philadelphia,Tue 11:23 pm,Passing clouds.,72 °F,74 °F,85 / 62 °F,6 mph ↑ from Southwest,73%,63 °F,"30.06 ""Hg",10 mi,Philadelphia International Airport,2026-08-25T23:24:10
Ankara,Turkey,https://www.timeanddate.com/weather/turkey/ankara,Wed 6:23 am,Passing clouds.,61 °F,61 °F,91 / 66 °F,3 mph ↑ from East,59%,46 °F,"30.07 ""Hg (27.13 ""Hg at 871m altitude)",N/A,Ankara / Esenboga,2026-08-25T23:24:12
Honolulu,Usa,https://www.timeanddate.com/weather/usa/honolulu,Tue 5:23 pm,Passing clouds.,86 °F,90 °F,85 / 75 °F,18 mph ↑ from East,57%,69 °F,"29.94 ""Hg",10 mi,Honolulu International Airport,2026-08-25T23:24:14
Phoenix,Usa,https://www.timeanddate.com/weather/usa/phoenix,Tue 8:23 pm,Passing clouds.,108 °F,104 °F,115 / 89 °F,9 mph ↑ from West,13%,47 °F,"29.68 ""Hg",10 mi,Phoenix Sky Harbor International Airport,2026-08-25T23:24:16
Antananarivo,Madagascar,https://www.timeanddate.com/weather/madagascar/antananarivo,Wed 6:23 am,Passing clouds.,48 °F,48 °F,79 / 48 °F,No wind,100%,48 °F,"30.27 ""Hg (25.90 ""Hg at 1287m altitude)",N/A,Antananarivo / Ivato,2026-08-25T23:24:18
Houston,Usa,https://www.timeanddate.com/weather/usa/houston,Tue 10:23 pm,Passing clouds.,86 °F,93 °F,100 / 80 °F,12 mph ↑ from South,65%,73 °F,"29.99 ""Hg",10 mi,Houston Hobby Airport,2026-08-25T23:24:19
Prague,Czech Republic,https://www.timeanddate.com/weather/czech-republic/prague,Wed 5:23 am,Passing clouds.,57 °F,56 °F,81 / 57 °F,7 mph ↑ from Northeast,88%,54 °F,"30.07 ""Hg",N/A,Václav Havel Airport Prague,2026-08-25T23:24:21
Asuncion,Paraguay,https://www.timeanddate.com/weather/paraguay/asuncion,Wed 12:23 am,Clear.,70 °F,70 °F,91 / 63 °F,5 mph ↑ from Southeast,73%,61 °F,"29.83 ""Hg",5 mi,Asuncion / Aeropuerto,2026-08-25T23:24:23
Indianapolis,Usa,https://www.timeanddate.com/weather/usa/indianapolis,Tue 11:23 pm,Scattered clouds.,75 °F,78 °F,84 / 59 °F,16 mph ↑ from South,54%,57 °F,"30.05 ""Hg",10 mi,Indianapolis Indianapolis International Airport,2026-08-25T23:24:25
Reykjavik,Iceland,https://www.timeanddate.com/weather/iceland/reykjavik,Wed 3:23 am,Passing clouds.,46 °F,45 °F,54 / 41 °F,3 mph ↑ from Southeast,82%,41 °F,"30.07 ""Hg",N/A,Reykjavik Airport,2026-08-25T23:24:27
Athens,Greece,https://www.timeanddate.com/weather/greece/athens,Wed 6:23 am,Warm.,81 °F,81 °F,96 / 78 °F,No wind,50%,60 °F,"29.91 ""Hg",N/A,Athinai Airport,2026-08-25T23:24:29
Islamabad,Pakistan,https://www.timeanddate.com/weather/pakistan/islamabad,Wed 8:23 am,Clear.,79 °F,82 °F,96 / 75 °F,9 mph ↑ from Northeast,85%,74 °F,"29.63 ""Hg (27.82 ""Hg at 554m altitude)",N/A,Islamabad Airport,2026-08-25T23:24:32
Rio de Janeiro,Brazil,https://www.timeanddate.com/weather/brazil/rio-de-janeiro,Wed 12:23 am,Overcast.,70 °F,70 °F,74 / 69 °F,3 mph ↑ from East,83%,64 °F,"30.04 ""Hg",N/A,Rio De Janeiro Airport,2026-08-25T23:24:34
Atlanta,Usa,https://www.timeanddate.com/weather/usa/atlanta,Tue 11:23 pm,Clear.,75 °F,77 °F,90 / 69 °F,No wind,66%,63 °F,"30.02 ""Hg",10 mi,Fulton County Airport-Brown Field,2026-08-25T23:24:35
Istanbul,Turkey,https://www.timeanddate.com/weather/turkey/istanbul,Wed 6:23 am,Clear.,72 °F,71 °F,86 / 71 °F,2 mph ↑ from North,83%,66 °F,"29.92 ""Hg",10 mi,Istanbul Ataturk Airport,2026-08-25T23:24:38
Riyadh,Saudi Arabia,https://www.timeanddate.com/weather/saudi-arabia/riyadh,Wed 6:23 am,Clear.,82 °F,80 °F,112 / 80 °F,3 mph ↑ from Northeast,15%,30 °F,"29.77 ""Hg (27.84 ""Hg at 590m altitude)",10 mi,King Khaled International Airport,2026-08-25T23:24:39
Auckland,New Zealand,https://www.timeanddate.com/weather/new-zealand/auckland,Wed 3:23 pm,Partly sunny.,61 °F,61 °F,64 / 50 °F,17 mph ↑ from West,72%,52 °F,"30.30 ""Hg",N/A,Auckland Airport,2026-08-25T23:24:41
Jakarta,Indonesia,https://www.timeanddate.com/weather/indonesia/jakarta,Wed 10:23 am,Partly sunny.,86 °F,92 °F,92 / 75 °F,11 mph ↑ from East,61%,71 °F,"29.98 ""Hg",6 mi,Jakarta / Soekarno-Hatta,2026-08-25T23:24:43
Rome,Italy,https://www.timeanddate.com/weather/italy/rome,Wed 5:23 am,Clear.,75 °F,77 °F,97 / 69 °F,6 mph ↑ from Southeast,74%,66 °F,"30.01 ""Hg",10 mi,Rome / Ciampino,2026-08-25T23:24:45
Baghdad,Iraq,https://www.timeanddate.com/weather/iraq/baghdad,Wed 6:23 am,Clear.,94 °F,92 °F,117 / 92 °F,11 mph ↑ from Northwest,24%,52 °F,"29.62 ""Hg",6 mi,Baghdad,2026-08-25T23:24:47
Jerusalem,Israel,https://www.timeanddate.com/weather/israel/jerusalem,Wed 6:23 am,Mild.,75 °F,77 °F,91 / 70 °F,1 mph ↑ from Northwest,30%,41 °F,"27.12 ""Hg (24.82 ""Hg at 769m altitude)",N/A,Khallat Ḩamāmah - MADIS Station,2026-08-25T23:24:49
Salt Lake City,Usa,https://www.timeanddate.com/weather/usa/salt-lake-city,Tue 9:23 pm,Partly cloudy.,83 °F,82 °F,95 / 72 °F,7 mph ↑ from North,34%,52 °F,"29.95 ""Hg (25.81 ""Hg at 1312m altitude)",10 mi,Salt Lake City International Airport,2026-08-25T23:24:51
Bangkok,Thailand,https://www.timeanddate.com/weather/thailand/bangkok,Wed 10:23 am,Scattered clouds.,88 °F,96 °F,91 / 81 °F,13 mph ↑ from West,62%,73 °F,"29.80 ""Hg",N/A,Don Muang Airport,2026-08-25T23:24:53
Johannesburg,South Africa,https://www.timeanddate.com/weather/south-africa/johannesburg,Wed 5:23 am,Clear.,58 °F,57 °F,68 / 48 °F,7 mph ↑ from West,25%,22 °F,N/A,25 mi,O.R. Tambo International Airport,2026-08-25T23:24:55
San Francisco,Usa,https://www.timeanddate.com/weather/usa/san-francisco,Tue 8:23 pm,Passing clouds.,62 °F,62 °F,72 / 58 °F,23 mph ↑ from Northwest,80%,56 °F,"30.01 ""Hg",10 mi,San Francisco International Airport,2026-08-25T23:24:57
Barcelona,Spain,https://www.timeanddate.com/weather/spain/barcelona,Wed 5:23 am,Passing clouds.,75 °F,77 °F,88 / 72 °F,8 mph ↑ from Northwest,74%,66 °F,"29.95 ""Hg",N/A,Barcelona Airport,2026-08-25T23:24:59
Karachi,Pakistan,https://www.timeanddate.com/weather/pakistan/karachi,Wed 8:23 am,Partly sunny.,82 °F,86 °F,85 / 79 °F,15 mph ↑ from West,66%,70 °F,"29.71 ""Hg",3 mi,Karachi Airport,2026-08-25T23:25:01
San Juan,Puerto Rico,https://www.timeanddate.com/weather/puerto-rico/san-juan,Tue 11:23 pm,Rain. Passing clouds.,83 °F,92 °F,91 / 80 °F,10 mph ↑ from East,82%,77 °F,"30.05 ""Hg",8 mi,Luis Munoz Marin,2026-08-25T23:25:04
Beijing,China,https://www.timeanddate.com/weather/china/beijing,Wed 11:23 am,Sunny.,79 °F,81 °F,82 / 70 °F,1 mph ↑ from North,74%,70 °F,"29.83 ""Hg",10 mi,Beijing Airport,2026-08-25T23:25:06
Kathmandu,Nepal,https://www.timeanddate.com/weather/nepal/kathmandu,Wed 9:08 am,Partly sunny.,77 °F,79 °F,78 / 69 °F,2 mph ↑ from North,79%,70 °F,"29.95 ""Hg (25.79 ""Hg at 1305m altitude)",4 mi,Kathmandu Airport,2026-08-25T23:25:08
San Salvador,El Salvador,https://www.timeanddate.com/weather/el-salvador/san-salvador,Tue 9:23 pm,Partly sunny.,77 °F,78 °F,89 / 68 °F,2 mph ↑ from Northeast,83%,72 °F,"29.92 ""Hg (27.72 ""Hg at 667m altitude)",N/A,San Salvador / Ilopango,2026-08-25T23:25:10
Belgrade,Serbia,https://www.timeanddate.com/weather/serbia/belgrade,Wed 5:23 am,Passing clouds.,70 °F,70 °F,91 / 63 °F,3 mph ↑ from South,83%,64 °F,"29.95 ""Hg",N/A,Belgrade Surcin Airport,2026-08-25T23:25:12
Kingston,Jamaica,https://www.timeanddate.com/weather/jamaica/kingston,Tue 10:23 pm,Warm.,86 °F,91 °F,94 / 80 °F,11 mph ↑ from East,59%,70 °F,"29.97 ""Hg",N/A,Kingston / Norman Manley,2026-08-25T23:25:14
Santiago,Chile,https://www.timeanddate.com/weather/chile/santiago,Tue 11:23 pm,Passing clouds.,54 °F,53 °F,58 / 51 °F,5 mph ↑ from Northwest,88%,50 °F,"29.95 ""Hg (27.95 ""Hg at 576m altitude)",N/A,Pudahuel,2026-08-25T23:25:16
Bengaluru,India,https://www.timeanddate.com/weather/india/bengaluru,Wed 8:53 am,Broken clouds.,73 °F,72 °F,86 / 68 °F,10 mph ↑ from West,89%,70 °F,"30.04 ""Hg (27.15 ""Hg at 876m altitude)",4 mi,Bangalore / Hindustan,2026-08-25T23:25:18
Kinshasa,Congo Demrep,https://www.timeanddate.com/weather/congo-demrep/kinshasa,Wed 4:23 am,Clear.,73 °F,74 °F,90 / 72 °F,5 mph ↑ from Southwest,78%,66 °F,"29.98 ""Hg",6 mi,Brazzaville / Maya-Maya,2026-08-25T23:25:20
Santo Domingo,Dominican Republic,https://www.timeanddate.com/weather/dominican-republic/santo-domingo,Tue 11:23 pm,Scattered clouds.,90 °F,104 °F,90 / 75 °F,4 mph ↑ from Southeast,66%,78 °F,"29.95 ""Hg",9 mi,Santo Domingo,2026-08-25T23:25:22
Berlin,Germany,https://www.timeanddate.com/weather/germany/berlin,Wed 5:23 am,Clear.,57 °F,55 °F,80 / 60 °F,8 mph ↑ from East,77%,50 °F,"30.12 ""Hg",10 mi,Berlin-Schoenefeld,2026-08-25T23:25:24
Kiritimati,Kiribati,https://www.timeanddate.com/weather/kiribati/kiritimati,Wed 5:23 pm,Overcast.,84 °F,95 °F,87 / 81 °F,11 mph ↑ from North,81%,78 °F,"29.82 ""Hg",31 mi,Christmas / Cassidy,2026-08-25T23:25:26
São Paulo,Brazil,https://www.timeanddate.com/weather/brazil/sao-paulo,Wed 12:23 am,Passing clouds.,61 °F,61 °F,71 / 58 °F,3 mph ↑ from South,100%,61 °F,"30.12 ""Hg (27.52 ""Hg at 765m altitude)",5 mi,Sao Paulo Airport,2026-08-25T23:25:28
Bogota,Colombia,https://www.timeanddate.com/weather/colombia/bogota,Tue 10:23 pm,Passing clouds.,54 °F,54 °F,67 / 49 °F,2 mph ↑ from North,77%,46 °F,"30.39 ""Hg (22.21 ""Hg at 2618m altitude)",N/A,Bogota / Eldorado,2026-08-25T23:25:30
Kolkata,India,https://www.timeanddate.com/weather/india/kolkata,Wed 8:53 am,Scattered clouds.,88 °F,105 °F,90 / 81 °F,9 mph ↑ from South,79%,81 °F,"29.62 ""Hg",2 mi,Calcutta / Dum Dum,2026-08-25T23:25:32
Seattle,Usa,https://www.timeanddate.com/weather/usa/seattle,Tue 8:23 pm,Sunny.,73 °F,77 °F,76 / 57 °F,9 mph ↑ from South,55%,56 °F,"29.99 ""Hg",10 mi,Seattle Boeing Field,2026-08-25T23:25:34
Boston,Usa,https://www.timeanddate.com/weather/usa/boston,Tue 11:23 pm,Clear.,72 °F,76 °F,79 / 64 °F,12 mph ↑ from West,61%,58 °F,"29.96 ""Hg",10 mi,Logan International Airport,2026-08-25T23:25:36
Kuala Lumpur,Malaysia,https://www.timeanddate.com/weather/malaysia/kuala-lumpur,Wed 11:23 am,Passing clouds.,84 °F,92 °F,92 / 77 °F,6 mph ↑ from Southeast,74%,75 °F,"29.95 ""Hg",4 mi,Sultan Abdul Aziz Shah-Subang,2026-08-25T23:25:38
Seoul,South Korea,https://www.timeanddate.com/weather/south-korea/seoul,Wed 12:23 pm,Partly sunny.,86 °F,99 °F,90 / 76 °F,5 mph ↑ from West,79%,79 °F,"29.77 ""Hg",N/A,Seoul / Kimp'O International Airport,2026-08-25T23:25:40
Brasilia,Brazil,https://www.timeanddate.com/weather/brazil/brasilia,Wed 12:23 am,Clear.,77 °F,79 °F,86 / 68 °F,5 mph ↑ from South,47%,55 °F,"30.12 ""Hg (26.58 ""Hg at 1091m altitude)",10 mi,Brasilia Aeroporto,2026-08-25T23:25:42
Kuwait City,Kuwait,https://www.timeanddate.com/weather/kuwait/kuwait-city,Wed 6:23 am,Clear.,91 °F,106 °F,104 / 89 °F,No wind,67%,78 °F,"29.57 ""Hg",4 mi,Kuwait Internationalairport,2026-08-25T23:25:44
Shanghai,China,https://www.timeanddate.com/weather/china/shanghai,Wed 11:23 am,Scattered clouds.,90 °F,103 °F,91 / 82 °F,3 mph ↑ from North,67%,77 °F,"29.74 ""Hg",N/A,Shanghai Hongqiao Airport,2026-08-25T23:25:46
Brisbane,Australia,https://www.timeanddate.com/weather/australia/brisbane,Wed 1:23 pm,Cool.,71 °F,73 °F,75 / 52 °F,6 mph ↑ from Northwest,76%,63 °F,"29.91 ""Hg",N/A,MADIS Weather Station E5738 (APRSWXNET),2026-08-25T23:25:48
Kyiv,Ukraine,https://www.timeanddate.com/weather/ukraine/kyiv,Wed 6:23 am,Overcast.,62 °F,62 °F,72 / 58 °F,No wind,61%,48 °F,"30.12 ""Hg",13 mi,Kyiv,2026-08-25T23:25:50
Singapore,Singapore,https://www.timeanddate.com/weather/singapore/singapore,Wed 11:23 am,Broken clouds.,88 °F,102 °F,90 / 77 °F,6 mph ↑ from Southeast,75%,79 °F,"29.95 ""Hg",N/A,Singapore / Paya Lebar,2026-08-25T23:25:52
Brussels,Belgium,https://www.timeanddate.com/weather/belgium/brussels,Wed 5:23 am,Clear.,59 °F,58 °F,82 / 64 °F,6 mph ↑ from Southeast,82%,54 °F,"29.95 ""Hg",10 mi,Brussels National Airport,2026-08-25T23:25:54
La Paz,Bolivia,https://www.timeanddate.com/weather/bolivia/la-paz,Tue 11:23 pm,Clear.,40 °F,31 °F,62 / 29 °F,16 mph ↑ from East,63%,28 °F,N/A,9 mi,La Paz / Alto,2026-08-25T23:25:56
Sofia,Bulgaria,https://www.timeanddate.com/weather/bulgaria/sofia,Wed 6:23 am,Passing clouds.,72 °F,75 °F,87 / 61 °F,2 mph ↑ from Southeast,68%,61 °F,"29.91 ""Hg (28.06 ""Hg at 551m altitude)",9 mi,Sofia Observ.,2026-08-25T23:25:58
Bucharest,Romania,https://www.timeanddate.com/weather/romania/bucharest,Wed 6:23 am,Sprinkles. Passing clouds.,64 °F,64 °F,84 / 65 °F,5 mph ↑ from Northeast,94%,63 °F,"29.98 ""Hg",5 mi,Bucharest / Imh,2026-08-25T23:26:00
Lagos,Nigeria,https://www.timeanddate.com/weather/nigeria/lagos,Wed 4:23 am,Passing clouds.,77 °F,78 °F,87 / 74 °F,3 mph ↑ from South,94%,75 °F,"29.92 ""Hg",N/A,Lagos / Ikeja,2026-08-25T23:26:03
St. John's,Canada,https://www.timeanddate.com/weather/canada/st-johns,Wed 12:53 am,Mostly cloudy.,70 °F,70 °F,75 / 64 °F,15 mph ↑ from Southwest,94%,68 °F,"29.93 ""Hg",15 mi,St. John's,2026-08-25T23:26:05
Budapest,Hungary,https://www.timeanddate.com/weather/hungary/budapest,Wed 5:23 am,Clear.,68 °F,68 °F,86 / 62 °F,2 mph ↑ from North,49%,48 °F,"29.98 ""Hg",10 mi,Ferenc Liszt International Airport,2026-08-25T23:26:07
Lahore,Pakistan,https://www.timeanddate.com/weather/pakistan/lahore,Wed 8:23 am,Scattered clouds.,88 °F,102 °F,101 / 81 °F,5 mph ↑ from Southwest,75%,79 °F,"29.65 ""Hg",2 mi,Lahore Airport,2026-08-25T23:26:09
Stockholm,Sweden,https://www.timeanddate.com/weather/sweden/stockholm,Wed 5:23 am,Clear.,50 °F,50 °F,71 / 49 °F,1 mph ↑ from West,94%,48 °F,"30.27 ""Hg",N/A,Stockholm Bromma Airport,2026-08-25T23:26:11
Buenos Aires,Argentina,https://www.timeanddate.com/weather/argentina/buenos-aires,Wed 12:23 am,Clear.,55 °F,52 °F,64 / 50 °F,13 mph ↑ from Northeast,67%,45 °F,"30.01 ""Hg",10 mi,Buenos Aires Airport,2026-08-25T23:26:13
Las Vegas,Usa,https://www.timeanddate.com/weather/usa/las-vegas,Tue 8:23 pm,Passing clouds.,106 °F,101 °F,109 / 89 °F,No wind,10%,40 °F,"29.81 ""Hg (27.84 ""Hg at 629m altitude)",10 mi,Las Vegas McCarran International Airport,2026-08-25T23:26:15
Suva,Fiji,https://www.timeanddate.com/weather/fiji/suva,Wed 3:23 pm,Partly sunny.,77 °F,79 °F,76 / 69 °F,25 mph ↑ from Southeast,71%,67 °F,"30.10 ""Hg",31 mi,Nausori,2026-08-25T23:26:17
Cairo,Egypt,https://www.timeanddate.com/weather/egypt/cairo,Wed 6:23 am,Haze.,79 °F,82 °F,102 / 75 °F,6 mph ↑ from North,84%,73 °F,"29.86 ""Hg",2 mi,Cairo Airport,2026-08-25T23:26:19
Lima,Peru,https://www.timeanddate.com/weather/peru/lima,Tue 10:23 pm,Overcast.,71 °F,72 °F,74 / 64 °F,29 mph ↑ from South,79%,64 °F,"29.85 ""Hg",6 mi,Lima-Callao / Aerop. Internacional Jorgechavez,2026-08-25T23:26:21
Sydney,Australia,https://www.timeanddate.com/weather/australia/sydney,Wed 1:23 pm,Broken clouds.,63 °F,63 °F,64 / 54 °F,23 mph ↑ from South,77%,55 °F,"30.12 ""Hg",N/A,Sydney Airport,2026-08-25T23:26:23
Calgary,Canada,https://www.timeanddate.com/weather/canada/calgary,Tue 9:23 pm,Passing clouds.,70 °F,70 °F,85 / 50 °F,9 mph ↑ from Southeast,46%,48 °F,"30.16 ""Hg (26.65 ""Hg at 1063m altitude)",15 mi,Calgary International,2026-08-25T23:26:25
Lisbon,Portugal,https://www.timeanddate.com/weather/portugal/lisbon,Wed 4:23 am,Passing clouds.,68 °F,68 °F,74 / 62 °F,9 mph ↑ from Southwest,88%,64 °F,"29.89 ""Hg",N/A,Lisbon Portela Airport,2026-08-25T23:26:27
Taipei,Taiwan,https://www.timeanddate.com/weather/taiwan/taipei,Wed 11:23 am,Partly sunny.,88 °F,100 °F,94 / 80 °F,8 mph ↑ from Northwest,70%,77 °F,"29.68 ""Hg",N/A,Sungshan / Taipei,2026-08-25T23:26:29
Canberra,Australia,https://www.timeanddate.com/weather/australia/canberra,Wed 1:23 pm,Overcast.,61 °F,61 °F,62 / 40 °F,8 mph ↑ from West,59%,46 °F,"30.15 ""Hg (28.16 ""Hg at 577m altitude)",N/A,Canberra Airport,2026-08-25T23:26:31
London,Uk,https://www.timeanddate.com/weather/uk/london,Wed 4:23 am,Light rain. Passing clouds.,66 °F,66 °F,68 / 59 °F,5 mph ↑ from East,78%,59 °F,"29.89 ""Hg",N/A,Northolt,2026-08-25T23:26:33
Tallinn,Estonia,https://www.timeanddate.com/weather/estonia/tallinn,Wed 6:23 am,Fog.,54 °F,54 °F,68 / 54 °F,2 mph ↑ from West,100%,54 °F,"30.21 ""Hg",N/A,Tallinn,2026-08-25T23:26:35
Cape Town,South Africa,https://www.timeanddate.com/weather/south-africa/cape-town,Wed 5:23 am,Clear.,50 °F,49 °F,63 / 53 °F,3 mph ↑ from North,82%,45 °F,"30.04 ""Hg",10 mi,Cape Town International Airport,2026-08-25T23:26:37
Los Angeles,Usa,https://www.timeanddate.com/weather/usa/los-angeles,Tue 8:23 pm,Clear.,76 °F,77 °F,95 / 70 °F,6 mph ↑ from Southwest,74%,67 °F,"29.87 ""Hg",10 mi,Hawthorne Municipal Airport,2026-08-25T23:26:39
Tashkent,Uzbekistan,https://www.timeanddate.com/weather/uzbekistan/tashkent,Wed 8:23 am,Clear.,64 °F,64 °F,96 / 66 °F,2 mph ↑ from North,53%,46 °F,"29.90 ""Hg",6 mi,Tashkent,2026-08-25T23:26:42
Caracas,Venezuela,https://www.timeanddate.com/weather/venezuela/caracas,Tue 11:23 pm,Passing clouds.,82 °F,91 °F,86 / 69 °F,2 mph ↑ from East,84%,77 °F,"29.95 ""Hg (27.12 ""Hg at 875m altitude)",N/A,Caracas / Maiquetia Aerop. Intl. Simon Bolivar,2026-08-25T23:26:44
Madrid,Spain,https://www.timeanddate.com/weather/spain/madrid,Wed 5:23 am,Clear.,64 °F,64 °F,76 / 64 °F,1 mph ↑ from North,60%,50 °F,"29.95 ""Hg (27.72 ""Hg at 658m altitude)",10 mi,Madrid / Cuatro Vientos,2026-08-25T23:26:46
Tegucigalpa,Honduras,https://www.timeanddate.com/weather/honduras/tegucigalpa,Tue 9:23 pm,Partly cloudy.,75 °F,77 °F,83 / 67 °F,6 mph ↑ from Northeast,65%,63 °F,"30.09 ""Hg (26.66 ""Hg at 1054m altitude)",N/A,Tegucigalpa Airport,2026-08-25T23:26:48
Casablanca,Morocco,https://www.timeanddate.com/weather/morocco/casablanca,Wed 4:23 am,Mild.,72 °F,71 °F,79 / 67 °F,3 mph ↑ from Northeast,83%,66 °F,"29.95 ""Hg",N/A,Casablanca Airport,2026-08-25T23:26:50
Managua,Nicaragua,https://www.timeanddate.com/weather/nicaragua/managua,Tue 9:23 pm,Passing clouds.,84 °F,90 °F,94 / 78 °F,5 mph ↑ from East,66%,72 °F,"29.83 ""Hg",N/A,Managua A. C. Sandino,2026-08-25T23:26:53
Tehran,Iran,https://www.timeanddate.com/weather/iran/tehran,Wed 6:53 am,Sunny.,84 °F,81 °F,99 / 77 °F,5 mph ↑ from East,15%,32 °F,"30.07 ""Hg (26.32 ""Hg at 1179m altitude)",10 mi,Tehran-Mehrabad,2026-08-25T23:26:55
Chicago,Usa,https://www.timeanddate.com/weather/usa/chicago,Tue 10:23 pm,Clear.,73 °F,76 °F,83 / 68 °F,6 mph ↑ from South,59%,58 °F,"29.99 ""Hg",10 mi,Chicago Midway Airport,2026-08-25T23:26:57
Manila,Philippines,https://www.timeanddate.com/weather/philippines/manila,Wed 11:23 am,Scattered clouds.,84 °F,95 °F,86 / 80 °F,2 mph ↑ from South,79%,77 °F,"29.83 ""Hg",5 mi,Science Garden,2026-08-25T23:26:59
Tokyo,Japan,https://www.timeanddate.com/weather/japan/tokyo,Wed 12:23 pm,Partly sunny.,90 °F,100 °F,85 / 76 °F,7 mph ↑ from South,63%,75 °F,"29.77 ""Hg",N/A,Tokyo Heliport,2026-08-25T23:27:01
Copenhagen,Denmark,https://www.timeanddate.com/weather/denmark/copenhagen,Wed 5:23 am,Fog.,59 °F,57 °F,72 / 56 °F,10 mph ↑ from East,100%,59 °F,"30.24 ""Hg",0 mi,Koebenhavn-Kastrup Airport,2026-08-25T23:27:03
Melbourne,Australia,https://www.timeanddate.com/weather/australia/melbourne,Wed 1:23 pm,Partly sunny.,59 °F,57 °F,61 / 41 °F,12 mph ↑ from Southwest,55%,43 °F,"30.27 ""Hg",N/A,Melbourne Airport,2026-08-25T23:27:05
Toronto,Canada,https://www.timeanddate.com/weather/canada/toronto,Tue 11:23 pm,Partly cloudy.,68 °F,68 °F,75 / 62 °F,2 mph ↑ from Northeast,73%,59 °F,"30.08 ""Hg",15 mi,Toronto Pearson International Airport,2026-08-25T23:27:09
Dallas,Usa,https://www.timeanddate.com/weather/usa/dallas,Tue 10:23 pm,Partly cloudy.,94 °F,93 °F,102 / 83 °F,10 mph ↑ from South,29%,57 °F,"29.89 ""Hg",10 mi,Dallas Love Field,2026-08-25T23:27:11
Mexico City,Mexico,https://www.timeanddate.com/weather/mexico/mexico-city,Tue 9:23 pm,Overcast.,64 °F,64 °F,75 / 55 °F,8 mph ↑ from North,56%,48 °F,"29.96 ""Hg (23.03 ""Hg at 2241m altitude)",10 mi,Mexico City / Licenci,2026-08-25T23:27:13
Vancouver,Canada,https://www.timeanddate.com/weather/canada/vancouver,Tue 8:23 pm,Partly sunny.,72 °F,74 °F,74 / 60 °F,13 mph ↑ from East,73%,63 °F,"29.92 ""Hg",12 mi,Vancouver International Airport,2026-08-25T23:27:15
Dar es Salaam,Tanzania,https://www.timeanddate.com/weather/tanzania/dar-es-salaam,Wed 6:23 am,Passing clouds.,72 °F,67 °F,86 / 72 °F,5 mph ↑ from Southwest,94%,70 °F,"30.04 ""Hg",N/A,Dar Es Salaam Airport,2026-08-25T23:27:17
Miami,Usa,https://www.timeanddate.com/weather/usa/miami,Tue 11:23 pm,Passing clouds.,85 °F,94 °F,89 / 82 °F,7 mph ↑ from Southeast,75%,76 °F,"30.06 ""Hg",10 mi,Miami International Airport,2026-08-25T23:27:19
Vienna,Austria,https://www.timeanddate.com/weather/austria/vienna,Wed 5:23 am,Clear.,63 °F,63 °F,86 / 60 °F,6 mph ↑ from North,83%,57 °F,"30.04 ""Hg",10 mi,Vienna Schwechat-Flughafen Airport,2026-08-25T23:27:21
Darwin,Australia,https://www.timeanddate.com/weather/australia/darwin,Wed 12:53 pm,Sunny.,91 °F,91 °F,91 / 74 °F,13 mph ↑ from East,36%,61 °F,"30.04 ""Hg",N/A,Darwin Airport,2026-08-25T23:27:23
Minneapolis,Usa,https://www.timeanddate.com/weather/usa/minneapolis,Tue 10:23 pm,Passing clouds.,81 °F,84 °F,82 / 65 °F,22 mph ↑ from Southwest,65%,68 °F,"29.87 ""Hg",9 mi,St. Paul International Airport,2026-08-25T23:27:25
Warsaw,Poland,https://www.timeanddate.com/weather/poland/warsaw,Wed 5:23 am,Clear.,52 °F,52 °F,75 / 53 °F,1 mph ↑ from North,100%,52 °F,"30.18 ""Hg",10 mi,Warsaw Okecie Airport,2026-08-25T23:27:27
Denver,Usa,https://www.timeanddate.com/weather/usa/denver,Tue 9:23 pm,Passing clouds.,76 °F,78 °F,86 / 61 °F,6 mph ↑ from Southwest,38%,48 °F,"30.06 ""Hg (25.03 ""Hg at 1593m altitude)",10 mi,Buckley Air Force Base,2026-08-25T23:27:30
Minsk,Belarus,https://www.timeanddate.com/weather/belarus/minsk,Wed 6:23 am,Fog.,52 °F,50 °F,68 / 47 °F,6 mph ↑ from North,94%,50 °F,"30.15 ""Hg",N/A,Minsk,2026-08-25T23:27:32
Washington DC,Usa,https://www.timeanddate.com/weather/usa/washington-dc,Tue 11:23 pm,Partly cloudy.,74 °F,77 °F,88 / 62 °F,5 mph ↑ from Southwest,62%,60 °F,"30.07 ""Hg",10 mi,Reagan National Airport,2026-08-25T23:27:34
Detroit,Usa,https://www.timeanddate.com/weather/usa/detroit,Tue 11:23 pm,Clear.,68 °F,68 °F,81 / 62 °F,No wind,73%,59 °F,"30.06 ""Hg",10 mi,Detroit City Airport,2026-08-25T23:27:36
Montevideo,Uruguay,https://www.timeanddate.com/weather/uruguay/montevideo,Wed 12:23 am,Clear.,48 °F,46 °F,64 / 43 °F,6 mph ↑ from Northeast,76%,41 °F,"30.09 ""Hg",10 mi,Carrasco,2026-08-25T23:27:38
Winnipeg,Canada,https://www.timeanddate.com/weather/canada/winnipeg,Tue 10:23 pm,Mild.,68 °F,68 °F,76 / 56 °F,7 mph ↑ from North,75%,60 °F,"29.90 ""Hg",N/A,Winnipeg The Forks Man,2026-08-25T23:27:39
Dhaka,Bangladesh,https://www.timeanddate.com/weather/bangladesh/dhaka,Wed 9:23 am,Low clouds.,83 °F,97 °F,92 / 81 °F,No wind,91%,81 °F,"29.65 ""Hg",2 mi,Dhaka,2026-08-25T23:27:42
Montréal,Canada,https://www.timeanddate.com/weather/canada/montreal,Tue 11:23 pm,Passing clouds.,66 °F,66 °F,76 / 60 °F,8 mph ↑ from West,83%,61 °F,"29.98 ""Hg",15 mi,Montreal - Pierre Elliot Trudeau International Aiport,2026-08-25T23:27:44
Yangon,Myanmar,https://www.timeanddate.com/weather/myanmar/yangon,Wed 9:53 am,Partly sunny.,81 °F,88 °F,84 / 78 °F,5 mph ↑ from West,94%,79 °F,"29.77 ""Hg",4 mi,Rangoon Airport,2026-08-25T23:27:46
Doha,Qatar,https://www.timeanddate.com/weather/qatar/doha,Wed 6:23 am,Clear.,91 °F,123 °F,107 / 90 °F,6 mph ↑ from South,84%,86 °F,"29.59 ""Hg",4 mi,Doha International Airport,2026-08-25T23:27:48
Moscow,Russia,https://www.timeanddate.com/weather/russia/moscow,Wed 6:23 am,Overcast.,56 °F,56 °F,66 / 52 °F,2 mph ↑ from Northwest,94%,54 °F,"29.99 ""Hg",6 mi,Moskva,2026-08-25T23:27:50
Zagreb,Croatia,https://www.timeanddate.com/weather/croatia/zagreb,Wed 5:23 am,Passing clouds.,66 °F,66 °F,92 / 61 °F,2 mph ↑ from North,94%,64 °F,"30.01 ""Hg",N/A,Zagreb / Pleso,2026-08-25T23:27:52
Dubai,United Arab Emirates,https://www.timeanddate.com/weather/united-arab-emirates/dubai,Wed 7:23 am,Sunny.,95 °F,107 °F,102 / 91 °F,8 mph ↑ from Southeast,53%,75 °F,"29.62 ""Hg",10 mi,Dubai International Airport,2026-08-25T23:27:54
Mumbai,India,https://www.timeanddate.com/weather/india/mumbai,Wed 8:53 am,Fog.,84 °F,94 °F,85 / 81 °F,12 mph ↑ from West,79%,77 °F,"29.83 ""Hg",2 mi,Mumbai / Santacruz,2026-08-25T23:27:56
Zürich,Switzerland,https://www.timeanddate.com/weather/switzerland/zurich,Wed 5:23 am,Cool.,61 °F,61 °F,85 / 57 °F,1 mph ↑ from North,100%,61 °F,"30.04 ""Hg",5 mi,Zurich-Kloten,2026-08-25T23:27:58
Dublin,Ireland,https://www.timeanddate.com/weather/ireland/dublin,Wed 4:23 am,Passing clouds.,61 °F,61 °F,67 / 59 °F,13 mph ↑ from East,88%,57 °F,"29.83 ""Hg",N/A,Dublin Airport,2026-08-25T23:28:00
Nairobi,Kenya,https://www.timeanddate.com/weather/kenya/nairobi,Wed 6:23 am,Clear.,55 °F,55 °F,78 / 54 °F,No wind,82%,50 °F,"30.30 ""Hg (24.79 ""Hg at 1680m altitude)",10 mi,Nairobi / Wilson,2026-08-25T23:28:02
